<?xml version='1.0' encoding='UTF-8'?>
<!DOCTYPE hibernate-configuration PUBLIC
        "-//Hibernate/Hibernate Configuration DTD 3.0//EN"
        "http://hibernate.sourceforge.net/hibernate-configuration-3.0.dtd">
<hibernate-configuration>
    <session-factory>
        <property name="connection.driver_class">org.postgresql.Driver</property>
        <property name="hibernate.connection.username">postgres</property>
        <property name="hibernate.connection.password">Upgrad@atin77</property>
        <property name="connection.url">jdbc:postgresql://localhost:5432/testdb</property>
        <property name="hibernate.connection.pool_size">1</property>
        <property name="hibernate.dialect">org.hibernate.dialect.PostgresPlusDialect</property>
        <property name="hibernate.current_session_context_class">managed</property>

        <!-- run once: tell hibernate create our tables in database-->
        <!-- <property name="hbm2ddl.auto">create</property>-->

        <!--Entity classes to be created as tables in database-->
        <!-- <mapping class="com.upgrad.ImageHoster.model.User" />-->
        <!-- <mapping class="com.upgrad.ImageHoster.model.Image" />-->
        <!-- <mapping class="com.upgrad.ImageHoster.model.Tag" />-->
        <!-- <mapping class="com.upgrad.ImageHoster.model.ProfilePhoto" />-->
    </session-factory>
</hibernate-configuration>